date,mileposts,weather,cause,delay_min,date_as_published,date_note
2017-11-05,"106, 84, 71",SNOWING,COLLISION,213,"November 5, 2017",
2017-11-05,"34, 47",HEAVY SNOW,WX/TRACTION,182,"November 5, 2017",
2017-12-19,47,HEAVY SNOW,WX/TRACTION,222,"December 19, 2017",
2018-01-11,45,HEAVY WET SNOW,WX/TRACTION,80,"January 11, 2018",
2018-01-11,45,HEAVY WET SNOW,WX/TRACTION,426,"January 11, 2018",
2018-01-11,47,HEAVY WET SNOW,WX/TRACTION,80,"January 11, 2018",
2018-01-23,45,HEAVY SNOW,WX/TRACTION,128,"January 23, 2018",
2018-01-26,47,HEAVY SNOW,WX/TRACTION,126,"January 26, 2018",
2018-01-27,47,SNOWING,SCHEDULED AVALANCHE CONTROL,45,"January 27, 2018",
2018-02-16,47,SNOWING HEAVILY,WX/TRACTION,132,"February 16, 2018",
2018-02-17,34,HEAVY SNOW,WX/TRACTION,38,"February 17, 2018",
2018-02-17,52,HEAVY SNOW,SCHEDULED AVALANCHE CONTROL,31,"February 17, 2018",
2018-03-04,34,HEAVY SNOW,WX/TRACTION,133,"March 4, 2018",
2018-03-04,56,HEAVY SNOW,WX/TRACTION,138,"March 4, 2018",
2018-03-05,34,HEAVY SNOW,WX/TRACTION,358,"March 5, 2018",
2018-03-29,"34, 47",FOG,WX/TRACTION,37,"March 29, 2018",
2018-03-29,"52, 70",SNOWING,SECLUDED AVALANCHE CONTROL,40,"March 29, 2018",
2018-04-01,"106, 84, 70, 56",HEAVY SNOW,WX/TRACTION,552,"April 1, 2018",
2018-04-01,"34, 47",HEAVY SNOW,WX/TRACTION,529,"April 1, 2018",
2018-04-17,34,HEAVY SNOW,WX/TRACTION,117,"April 17, 2018",
2018-04-17,52,SNOWING,SCHEDULED AVALANCHE CONTROL,12,"April 17, 2018",
2018-11-23,34,SNOWING,TRACTION,251,"November 23, 2018",
2018-12-18,"106, 84, 70",SNOWING,TRACTION/COLLISIONS,208,"December 18, 2018",
2018-12-18,"34, 47",SNOWING,TRACTION,220,"December 18, 2018",
2019-02-11,34,SNOWING HEAVILY,AVALANCHE CONTROL AIRPLANE CURVE,30,"February 11, 2019",
2019-02-11,"34, 47",SNOWING HEAVILY,WX/COLLISIONS,2810,"February 11, 2019",
2019-02-20,34,SNOWING,AVALANCHE CONTROL AIRPLANE CURVE,56,"February 20, 2019",
2019-10-19,34,SNOWING,TRACTION/COLLISIONS,62,"October 19, 2019",
2019-11-22,"70, 84",SNOWING HEAVILY,WX/COLLISIONS,154,"November 22, 2019",
2019-11-23,"56, 70",SNOWING,COLLISION,135,"November 23, 2019",
2019-12-12,70,SNOWING HEAVILY,TRACTION,45,"December 12, 2019",
2020-01-05,34,SNOWING HEAVILY,TRACTION,56,"January 5, 2020",
2020-01-08,34,SNOWING,TRACTION,102,"January 8, 2020",
2020-01-10,34,SNOWING HEAVILY,TRACTION,153,"January 10, 2020",
2020-01-11,34,SNOWING,TRACTION,270,"January 11, 2020",
2020-01-11,56,SNOWING,TRACTION,50,"January 11, 2020",
2020-01-12,34,HEAVY SNOW,TRACTION,235,"January 12, 2020",
2020-01-12,34,SNOWING HEAVILY,AVALANCHE CONTROL AIRPLANE CURVE,89,"January 12, 2020",
2020-01-12,70,SNOWING HEAVILY,TRACTION,52,"January 12, 2020",
2020-01-14,34,SNOWING HARD WITH POOR VISIBILITY,TRACTIONs,82,"January 14, 2020",
2020-01-16,34,SNOWING,TRACTION,107,"January 16, 2020",
2020-01-22,52,SNOWING HEAVILY,AVALANCHE CONTROL,20,"January 22, 2020",
2020-02-15,34,SNOWING HEAVILY,AVALANCHE CONTROL AIRPLANE CURVE,45,"February 15, 2020",
2020-02-17,34,SNOWING,TRACTION,120,"February 17, 2020",
2020-03-30,34,SNOWING HEAVILY,TRACTION,115,"March 30, 2020",
2020-03-30,34,SNOWING HEAVILY,TRACTION,126,"March 30, 2020",
2020-11-10,34,SNOWING HEAVILY,TRACTION/COLLISIONS,309,"November 10, 2020",
2020-11-12,34,SNOWING HEAVILY,TRACTION/COLLISIONS,159,"November 12, 2020",
2020-11-12,56,SNOWING HEAVILY,TRACTION/COLLISIONS,50,"November 12, 2020",
2020-11-13,34,SNOWING HEAVILY,TRACTION,116,"November 13, 2020",
2020-12-10,"106, 84, 71",SNOWING,TRACTION/COLLISIONS,309,"December 10, 2020",
2020-12-16,34,SNOWING,TRACTION,63,"December 16, 2020",
2020-12-21,34,SNOWING HEAVILY,TRACTION/COLLISIONS,213,"December 21, 2020",
2020-12-21,56,SNOWING HEAVILY,TRACTION/COLLISIONS,228,"December 21, 2020",
2020-12-25,34,SNOWING,TRACTION,101,"December 25, 2020",
2020-12-25,34,SNOWING,TRACTION,13,"December 25, 2020",
2020-12-30,34,SNOWING HEAVILY,TRACTION,120,"December 30, 2020",
2021-01-01,71,SNOWING HEAVILY,BLOCKING COLLISION,344,"January 1, 2021",
2021-01-01,71,SNOWING HEAVILY,TRACTION,344,"January 1, 2021",
2021-01-02,34,SNOWING HEAVILY,TRACTION,431,"January 2, 2021",
2021-01-06,34,SNOWING HEAVILY,AVALANCHE CONTROL WORK EB ONLY,106,"January 6, 2021",
2021-01-13,38,OVERCAST SKIES,BLOCKING COLLISON,412,"January 13, 2021",
2021-01-24,34,SNOWING HEAVILY,BLOCKING COLLISIONS,4,"January 24, 2021",
2021-02-07,34,SNOWING,SPUN OUT VEHICLES & COLLISIONS,54,"February 7, 2021",
2021-02-10,52,CLEAR,BLOCKING COLLISION,120,"February 10, 2021",
2021-02-13,"106, 84, 71",SNOWING,TRACTION/COLLISIONS,154,"February 13, 2021",
2021-02-15,34,SNOWING HEAVILY,TRACTION,1529,"February 15, 2021",
2021-02-15,52,SNOWING HEAVILY,AVALANCHE CONTROL,33,"February 15, 2021",
2021-02-21,"52, 56",RAIN/SNOW,AVALANCHE CONTROL,14,"February 21, 2021",
2021-03-03,34,CLEAR,AVALANCHE CONTROL,150,"March 3, 2021",
2021-03-03,71,CLEAR,AVALANCHE CONTROL,150,"March 3, 2021",
2021-11-18,34,SNOWING HEAVILY,TRACTION/COLLISIONS,324,"November 18, 2021",
2021-11-18,34,SNOWING,TRACTION,368,"November 18, 2021",
2021-11-18,70,SNOWING HEAVILY,TRACTION,423,"November 18, 2021",
2021-11-23,34,SNOWING,TRACTION,99,"November 23, 2021",
2021-11-30,71,SNOWING,COLLISION,254,"November 31, 2021",published as an impossible date (November 31); treated as November 30
2021-12-08,34,SNOWING HEAVILY,TRACTION/COLLISIONS,345,"December 8, 2021",
2021-12-08,34,SNOWING,TRACTION/COLLISIONS,167,"December 8, 2021",
2021-12-09,34,SNOWING,TRACTION/COLLISIONS,133,"December 9, 2021",
2021-12-09,34,SNOWING,TRACTION/COLLISIONS,59,"December 9, 2021",
2021-12-18,34,SNOWING HEAVILY,TRACTION/COLLISIONS,235,"December 18, 2021",
2021-12-18,"70, 84",SNOWING HEAVILY,TRACTION/COLLISIONS,247,"December 18, 2021",
2021-12-20,34,SNOWING,TRACTION/COLLISIONS,50,"December 20, 2021",
2021-12-21,34,SNOWING HEAVILY,AVALANCHE CONTROL WORK EB ONLY - AIRPLANE,40,"December 21, 2021",
2021-12-21,70,SNOWING,COLLISION,78,"December 21, 2021",
2021-12-22,34,SNOWING,TRACTION/COLLISIONS,116,"December 22, 2021",
2021-12-24,34,SNOWING HEAVILY,AVALANCHE CONTROL WORK EB ONLY - AIRPLANE,38,"December 24, 2021",
2022-11-03,34,SNOWING HEAVILY,TRACTION/COLLISIONS,450,"November 3, 2022",
2022-11-03,84,SNOWING HEAVILY,TRACTION/COLLISIONS,400,"November 3, 2022",
2022-11-05,"106, 84, 71",SNOWING HEAVILY,TRACTION/COLLISIONS,113,"November 5, 2022",
2022-11-05,34,SNOWING HEAVILY,TRACTION/COLLISIONS,117,"November 5, 2022",
2022-11-22,34,SNOWING HEAVILY,TRACTION/COLLISIONS,298,"November 22, 2022",
2022-11-30,34,SNOWING HEAVILY,TRACTION/COLLISIONS/WEATHER,253,"November 30, 2022",
2022-12-04,34,SNOWING,TRACTION/COLLISIONS,139,"December 4, 2022",
2022-12-08,34,SNOWING HEAVILY,TRACTION/COLLISIONS,157,"December 8, 2022",
2022-12-08,84,SNOWING HEAVILY,TRACTION/COLLISIONS,423,"December 8, 2022",
2022-12-20,"106, 84",SNOWING HEAVILY,TRACTION/COLLISIONS,538,"December 20, 2022",
2022-12-20,34,SNOWING HEAVILY,TRACTION/COLLISIONS,554,"December 20, 2022",
2022-12-22,"106, 84",SNOWING HEAVILY,TRACTION/COLLISIONS/WEATHER,294,"December 22, 2022",
2022-12-22,34,SNOWING HEAVILY,TRACTION/COLLISIONS/WEATHER,92,"December 22, 2022",
2022-12-24,"106, 84",SNOW & FREEZING RAIN,TRACTION/COLLISIONS/WEATHER,1289,"December 24, 2022",
2022-12-24,34,SNOW & FREEZING RAIN,TRACTION/COLLISIONS/WEATHER,1468,"December 24, 2022",
2023-01-18,34,SNOWING,TRACTION/COLLISIONS/WEATHER,60,"January 18, 2023",
2023-02-13,"106, 84, 71, 56",SNOWING,TRACTION/COLLISIONS,305,"February 13, 2023",
2023-02-13,"34, 47",SNOWING,TRACTION/COLLISIONS/WEATHER,425,"February 13, 2023",
2023-12-01,34,SNOWING HEAVILY,TRACTION/COLLISIONS,140,"December 1, 2023",
2023-12-07,34,SNOWING HEAVILY,TRACTION/COLLISIONS,216,"December 7, 2023",
2023-12-07,70,SNOWING HEAVILY,TRACTION/COLLISIONS,106,"December 7, 2023",
2023-12-08,84,SNOWING HEAVILY,TRACTION COLLISIONS/ FRANKLIN FALLS BRIDGE,274,"December 8, 2023",
2023-12-22,34,SNOWING HEAVILY,TRACTION/COLLISIONS,1053,"December 22, 2023",
2024-01-06,34,SNOWING HEAVILY,TRACTION/COLLISIONS,86,"January 6, 2024",
2024-01-06,70,SNOWING HEAVILY,TRACTION/COLLISIONS,112,"January 6, 2024",
2024-01-08,34,SNOWING HEAVILY,TRACTION/COLLISIONS,106,"January 8, 2024",
2024-01-17,106,SNOWING HEAVILY & FREEZING RAIN,TRACTION/COLLISIONS,317,"January 17, 2024",
2024-01-17,34,SNOW & FREEZING RAIN,TRACTION/COLLISIONS,391,"January 17, 2024",
2024-01-17,34,SNOWING HEAVILY,TRACTION COLLISIONS/ AVALANCHE CONTROL,259,"January 17, 2024",
2024-01-19,34,OVERCAST,AIRPLANE CURVE TRAFFIC STOPPED,38,"January 19, 2024",
2024-02-26,106,SNOWING HEAVILY,TRACTION/COLLISIONS,228,"February 26, 2024",
2024-02-26,34,SNOWING HEAVILY,TRACTION/COLLISIONS,224,"February 26, 2024",
2024-03-12,47,SNOWING HARD,TRACTION,38,"March 12, 2024",
