pass,year,opened_text,closed_text,opened,closed
Chinook Pass SR 410,2025,May 23,Oct. 24,2025-05-23,2025-10-24
Chinook Pass SR 410,2024,May 31,Oct. 31,2024-05-31,2024-10-31
Chinook Pass SR 410,2023,May 26,Nov. 10,2023-05-26,2023-11-10
Chinook Pass SR 410,2022,May 26,Oct. 27,2022-05-26,2022-10-27
Chinook Pass SR 410,2021,May 28,Nov. 9,2021-05-28,2021-11-09
Chinook Pass SR 410,2020,June 4,Nov. 12,2020-06-04,2020-11-12
Chinook Pass SR 410,2019,May 23 reopened -- Oct. 25,Oct. 19 - temporary Nov. 21,2019-05-23,2019-11-21
Chinook Pass SR 410,2018,June 11,Nov. 20,2018-06-11,2018-11-20
Chinook Pass SR 410,2017,June 9,Nov. 7,2017-06-09,2017-11-07
Chinook Pass SR 410,2016,May 17,Nov. 29,2016-05-17,2016-11-29
Chinook Pass SR 410,2015,April 2,Nov. 16,2015-04-02,2015-11-16
Chinook Pass SR 410,2014,May 23,Nov. 24,2014-05-23,2014-11-24
Chinook Pass SR 410,2013,May 17,Dec. 2,2013-05-17,2013-12-02
Chinook Pass SR 410,2012,May 25,Nov. 12,2012-05-25,2012-11-12
Chinook Pass SR 410,2011,June 23,Nov. 11,2011-06-23,2011-11-11
Chinook Pass SR 410,2010,May 28,Nov. 16,2010-05-28,2010-11-16
Chinook Pass SR 410,2009,May 22,Nov. 8,2009-05-22,2009-11-08
Chinook Pass SR 410,2008,June 5,Dec. 15,2008-06-05,2008-12-15
Chinook Pass SR 410,2007,May 24,Nov. 29,2007-05-24,2007-11-29
Chinook Pass SR 410,2006,May 25,Nov. 12,2006-05-25,2006-11-12
Chinook Pass SR 410,2005,Apr. 28,Oct. 25,2005-04-28,2005-10-25
Chinook Pass SR 410,2004,May 6,Dec. 7,2004-05-06,2004-12-07
Chinook Pass SR 410,2003,May 14,Nov. 17,2003-05-14,2003-11-17
Chinook Pass SR 410,2002,May 31,Dec. 10,2002-05-31,2002-12-10
Chinook Pass SR 410,2001,May 10,Nov. 26,2001-05-10,2001-11-26
Chinook Pass SR 410,2000,May 18,Nov. 27,2000-05-18,2000-11-27
Chinook Pass SR 410,1999,Jul. 1,Nov. 30,1999-07-01,1999-11-30
Chinook Pass SR 410,1998,May 20,Nov. 20,1998-05-20,1998-11-20
Chinook Pass SR 410,1997,Jun. 12,Nov. 19,1997-06-12,1997-11-19
Chinook Pass SR 410,1996,May 23,Nov. 16,1996-05-23,1996-11-16
Chinook Pass SR 410,1995,Jun. 7,Nov. 7,1995-06-07,1995-11-07
Chinook Pass SR 410,1994,May 27 *,Oct. 31,1994-05-27,1994-10-31
Chinook Pass SR 410,1993,May 28 *,Nov. 18 **,1993-05-28,1993-11-18
Chinook Pass SR 410,1992,May 8,Nov. 21,1992-05-08,1992-11-21
Chinook Pass SR 410,1991,May 24,Nov. 19,1991-05-24,1991-11-19
Chinook Pass SR 410,1990,May 17,Nov. 21,1990-05-17,1990-11-21
Chinook Pass SR 410,1989,May 26,Nov. 28,1989-05-26,1989-11-28
Chinook Pass SR 410,1988,May 12,Nov. 10,1988-05-12,1988-11-10
Chinook Pass SR 410,1987,May 13,Nov. 23,1987-05-13,1987-11-23
Chinook Pass SR 410,1986,May 22,Nov. 18,1986-05-22,1986-11-18
Chinook Pass SR 410,1985,May 22,Nov. 9,1985-05-22,1985-11-09
Chinook Pass SR 410,1984,May 24,Nov. 5,1984-05-24,1984-11-05
Chinook Pass SR 410,1983,May 25,Nov. 14,1983-05-25,1983-11-14
Chinook Pass SR 410,1982,Jun. 10,Nov. 16,1982-06-10,1982-11-16
Chinook Pass SR 410,1981,Apr. 29,Nov. 20,1981-04-29,1981-11-20
Chinook Pass SR 410,1980,May 21,Nov. 17,1980-05-21,1980-11-17
Chinook Pass SR 410,1979,May 25,Nov. 24,1979-05-25,1979-11-24
Chinook Pass SR 410,1978,May 25,Nov. 18,1978-05-25,1978-11-18
Chinook Pass SR 410,1977,N/A,Nov. 15,,1977-11-15
Chinook Pass SR 410,1976,Jun. 11,None,1976-06-11,
Chinook Pass SR 410,1975,Jun. 13,Oct. 28,1975-06-13,1975-10-28
Chinook Pass SR 410,1974,Jul. 12,Dec. 18,1974-07-12,1974-12-18
Chinook Pass SR 410,1973,Apr. 5,Nov. 9,1973-04-05,1973-11-09
Chinook Pass SR 410,1972,Jun. 23,Nov. 9,1972-06-23,1972-11-09
Chinook Pass SR 410,1971,Jun. 18,Nov. 1,1971-06-18,1971-11-01
Chinook Pass SR 410,1970,May 29,Nov. 11,1970-05-29,1970-11-11
Chinook Pass SR 410,1969,May 27,Dec. 10,1969-05-27,1969-12-10
Chinook Pass SR 410,1968,May 10,Nov. 22,1968-05-10,1968-11-22
Chinook Pass SR 410,1967,Jun. 3,Nov. 28,1967-06-03,1967-11-28
Chinook Pass SR 410,1966,May 26,Nov. 16,1966-05-26,1966-11-16
Chinook Pass SR 410,1965,May 28,Nov. 24,1965-05-28,1965-11-24
Chinook Pass SR 410,1964,Jun. 20,Nov. 22,1964-06-20,1964-11-22
Chinook Pass SR 410,1963,May 28,Nov. 7,1963-05-28,1963-11-07
Chinook Pass SR 410,1962,May 20,Nov. 25,1962-05-20,1962-11-25
Chinook Pass SR 410,1961,Jun. 6,Nov. 11,1961-06-06,1961-11-11
Chinook Pass SR 410,1960,May 25,Nov. 15,1960-05-25,1960-11-15
Chinook Pass SR 410,1959,May 22,Nov. 19,1959-05-22,1959-11-19
Chinook Pass SR 410,1958,May 24,Nov. 9,1958-05-24,1958-11-09
Chinook Pass SR 410,1957,May 10,Nov. 27,1957-05-10,1957-11-27
Chinook Pass SR 410,1956,Jun. 13,Nov. 16,1956-06-13,1956-11-16
Chinook Pass SR 410,1955,Jun. 6,Nov. 17,1955-06-06,1955-11-17
Chinook Pass SR 410,1954,Jun. 19,Dec. 5,1954-06-19,1954-12-05
Chinook Pass SR 410,1953,May 30,Nov. 21,1953-05-30,1953-11-21
Chinook Pass SR 410,1952,May 16,Dec. 4,1952-05-16,1952-12-04
Chinook Pass SR 410,1951,May 19,Nov. 11,1951-05-19,1951-11-11
Chinook Pass SR 410,1950,Jun. 7,Nov. 15,1950-06-07,1950-11-15
Chinook Pass SR 410,1949,May 27,Dec. 9,1949-05-27,1949-12-09
Chinook Pass SR 410,1948,Jun. 12,Nov. 3,1948-06-12,1948-11-03
Chinook Pass SR 410,1947,May 15,Nov. 5,1947-05-15,1947-11-05
Chinook Pass SR 410,1946,Jun. 27,Nov. 1,1946-06-27,1946-11-01
Chinook Pass SR 410,1945,Jun. 2,Nov. 9,1945-06-02,1945-11-09
Chinook Pass SR 410,1944,May 20,Nov. 23,1944-05-20,1944-11-23
Chinook Pass SR 410,1943,Jun. 18,Nov. 4,1943-06-18,1943-11-04
Chinook Pass SR 410,1942,May 3,Nov. 3,1942-05-03,1942-11-03
Chinook Pass SR 410,1941,Apr. 15,Dec. 15,1941-04-15,1941-12-15
Chinook Pass SR 410,1940,May 15,Nov. 8,1940-05-15,1940-11-08
Chinook Pass SR 410,1939,May 7,Dec. 15,1939-05-07,1939-12-15
Chinook Pass SR 410,1938,May 28,Nov. 16,1938-05-28,1938-11-16
Chinook Pass SR 410,1937,Jun. 1,Nov. 12,1937-06-01,1937-11-12
Chinook Pass SR 410,1936,May 23,Dec. 8,1936-05-23,1936-12-08
Chinook Pass SR 410,1935,May 21,Nov. 15,1935-05-21,1935-11-15
Cayuse Pass SR 123,2025,May 23,Oct. 24,2025-05-23,2025-10-24
Cayuse Pass SR 123,2024,May 24,Oct. 31,2024-05-24,2024-10-31
Cayuse Pass SR 123,2023,May 26,Nov. 10,2023-05-26,2023-11-10
Cayuse Pass SR 123,2022,May 27,Oct. 25,2022-05-27,2022-10-25
Cayuse Pass SR 123,2021,May 28,Nov 9,2021-05-28,2021-11-09
Cayuse Pass SR 123,2020,June 4,Nov. 12,2020-06-04,2020-11-12
Cayuse Pass SR 123,2019,May 23 - reopened - Oct. 20,Oct. 19 - temporary Nov. 21,2019-05-23,2019-11-21
Cayuse Pass SR 123,2018,June 11,Nov. 20,2018-06-11,2018-11-20
Cayuse Pass SR 123,2017,May 19,Nov. 7,2017-05-19,2017-11-07
Cayuse Pass SR 123,2016,April 29,Nov. 29,2016-04-29,2016-11-29
Cayuse Pass SR 123,2015,April 2,Nov. 16,2015-04-02,2015-11-16
Cayuse Pass SR 123,2014,May 16,Nov. 24,2014-05-16,2014-11-24
Cayuse Pass SR 123,2013,May 3,Nov. 20,2013-05-03,2013-11-20
Cayuse Pass SR 123,2012,May 8,Nov. 12,2012-05-08,2012-11-12
Cayuse Pass SR 123,2011,May 26,Nov. 11,2011-05-26,2011-11-11
Cayuse Pass SR 123,2010,April 30,Nov. 16,2010-04-30,2010-11-16
Cayuse Pass SR 123,2009,May 15,Nov. 8,2009-05-15,2009-11-08
Cayuse Pass SR 123,2008,May 23,Dec. 15,2008-05-23,2008-12-15
Cayuse Pass SR 123,2007,Sept. 29 #,Nov. 29,2007-09-29,2007-11-29
Cayuse Pass SR 123,2006,Jun. 30,Nov. 12,2006-06-30,2006-11-12
Cayuse Pass SR 123,2005,Apr. 21,Nov. 4,2005-04-21,2005-11-04
Cayuse Pass SR 123,2004,Apr. 30,Dec. 6,2004-04-30,2004-12-06
Cayuse Pass SR 123,2003,Apr. 18,Nov. 18,2003-04-18,2003-11-18
Cayuse Pass SR 123,2002,May 6,Dec. 12,2002-05-06,2002-12-12
Cayuse Pass SR 123,2001,Apr. 20,Nov. 26,2001-04-20,2001-11-26
Cayuse Pass SR 123,2000,Apr. 20,Nov. 28,2000-04-20,2000-11-28
Cayuse Pass SR 123,1999,Jun. 3,Nov. 30,1999-06-03,1999-11-30
Cayuse Pass SR 123,1998,Apr. 25,Nov. 23,1998-04-25,1998-11-23
Cayuse Pass SR 123,1997,May 23,Nov. 20,1997-05-23,1997-11-20
Cayuse Pass SR 123,1996,Jun. 21 #,Oct. 7 ##,1996-06-21,1996-10-07
Cayuse Pass SR 123,1995,May 24,Dec. 4,1995-05-24,1995-12-04
Cayuse Pass SR 123,1994,May 23 *,Oct. 31,1994-05-23,1994-10-31
Cayuse Pass SR 123,1993,May 28 *,Nov. 18,1993-05-28,1993-11-18
Cayuse Pass SR 123,1992,Mar. 30,Nov. 30,1992-03-30,1992-11-30
Cayuse Pass SR 123,1991,May 3,Dec. 7,1991-05-03,1991-12-07
Cayuse Pass SR 123,1990,May 17,Nov. 24,1990-05-17,1990-11-24
Cayuse Pass SR 123,1989,May 1,"Jan. 4, 1990",1989-05-01,1989-01-04
Cayuse Pass SR 123,1988,Apr. 15,Nov. 17,1988-04-15,1988-11-17
Cayuse Pass SR 123,1987,Apr. 3,Nov. 30,1987-04-03,1987-11-30
Cayuse Pass SR 123,1986,Apr. 10,Nov. 28,1986-04-10,1986-11-28
Cayuse Pass SR 123,1985,Apr. 19,Nov. 17,1985-04-19,1985-11-17
Cayuse Pass SR 123,1984,Apr. 6,Nov. 16,1984-04-06,1984-11-16
Cayuse Pass SR 123,1983,Apr. 7,Nov. 24,1983-04-07,1983-11-24
Cayuse Pass SR 123,1982,Apr. 30,Dec. 2,1982-04-30,1982-12-02
Cayuse Pass SR 123,1981,Mar. 18,Nov. 30,1981-03-18,1981-11-30
Cayuse Pass SR 123,1980,Apr. 21,Dec. 4,1980-04-21,1980-12-04
Cayuse Pass SR 123,1979,Apr. 23,"Jan. 8, 1980",1979-04-23,1979-01-08
Cayuse Pass SR 123,1978,Apr. 3,Dec. 10,1978-04-03,1978-12-10
Cayuse Pass SR 123,1977,N/A,Dec. 2,,1977-12-02
Cayuse Pass SR 123,1976,May 14,None,1976-05-14,
Cayuse Pass SR 123,1975,Apr. 29,Nov. 30,1975-04-29,1975-11-30
Cayuse Pass SR 123,1974,May 29,Dec. 30,1974-05-29,1974-12-30
Cayuse Pass SR 123,1973,Not available,Dec. 12,,1973-12-12
North Cascades SR 20,2026,Partial reopening - April 30,,2026-04-30,
North Cascades SR 20,2025,April 22,Dec. 4,2025-04-22,2025-12-04
North Cascades SR 20,2024,April 19,Nov. 18,2024-04-19,2024-11-18
North Cascades SR 20,2023,May 11,Nov. 30,2023-05-11,2023-11-30
North Cascades SR 20,2022,May 10,Nov. 3,2022-05-10,2022-11-03
North Cascades SR 20,2021,May 5,Nov 15,2021-05-05,2021-11-15
North Cascades SR 20,2020,May 12,Nov. 16,2020-05-12,2020-11-16
North Cascades SR 20,2019,April 18,Dec. 11,2019-04-18,2019-12-11
North Cascades SR 20,2018,May 11,Nov. 28,2018-05-11,2018-11-28
North Cascades SR 20,2017,May 16,Nov. 10,2017-05-16,2017-11-10
North Cascades SR 20,2016,April 22,Nov. 18,2016-04-22,2016-11-18
North Cascades SR 20,2015,April 3,Nov. 12,2015-04-03,2015-11-12
North Cascades SR 20,2014,May 8,Nov. 24,2014-05-08,2014-11-24
North Cascades SR 20,2013,April 16,Dec. 3,2013-04-16,2013-12-03
North Cascades SR 20,2012,May 10,Nov. 20,2012-05-10,2012-11-20
North Cascades SR 20,2011,May 25,Nov. 21,2011-05-25,2011-11-21
North Cascades SR 20,2010,April 16,Dec. 1,2010-04-16,2010-12-01
North Cascades SR 20,2009,April 24,Nov. 17,2009-04-24,2009-11-17
North Cascades SR 20,2008,May 1,Dec. 15,2008-05-01,2008-12-15
North Cascades SR 20,2007,April 26,Dec. 4,2007-04-26,2007-12-04
North Cascades SR 20,2006,May 1,Nov. 13,2006-05-01,2006-11-13
North Cascades SR 20,2005,Mar. 10,Nov. 3,2005-03-10,2005-11-03
North Cascades SR 20,2004,Apr. 8,Dec. 13,2004-04-08,2004-12-13
North Cascades SR 20,2003,Apr. 14,Oct 17,2003-04-14,2003-10-17
North Cascades SR 20,2002,May 7,Dec. 17,2002-05-07,2002-12-17
North Cascades SR 20,2001,Mar. 22,Nov. 19,2001-03-22,2001-11-19
North Cascades SR 20,2000,Mar. 30,Nov. 28,2000-03-30,2000-11-28
North Cascades SR 20,1999,May 5,Dec. 6,1999-05-05,1999-12-06
North Cascades SR 20,1998,Apr. 2,Nov. 20,1998-04-02,1998-11-20
North Cascades SR 20,1997,May 7,Dec. 16,1997-05-07,1997-12-16
North Cascades SR 20,1996,Apr. 24,Nov. 19,1996-04-24,1996-11-19
North Cascades SR 20,1995,Apr. 28,Nov. 5,1995-04-28,1995-11-05
North Cascades SR 20,1994,Apr. 7,Oct. 31,1994-04-07,1994-10-31
North Cascades SR 20,1993,Mar. 24,Dec. 8,1993-03-24,1993-12-08
North Cascades SR 20,1992,Apr. 9,Dec. 8,1992-04-09,1992-12-08
North Cascades SR 20,1991,May 2,Nov. 17,1991-05-02,1991-11-17
North Cascades SR 20,1990,Apr. 18,Nov. 12,1990-04-18,1990-11-12
North Cascades SR 20,1989,Apr. 21,"Jan. 3, 1990",1989-04-21,1989-01-03
North Cascades SR 20,1988,Apr. 20,Nov. 19,1988-04-20,1988-11-19
North Cascades SR 20,1987,Apr. 15,Dec. 1,1987-04-15,1987-12-01
North Cascades SR 20,1986,Apr. 11,Nov. 26,1986-04-11,1986-11-26
North Cascades SR 20,1985,Apr. 12,Nov. 15,1985-04-12,1985-11-15
North Cascades SR 20,1984,Apr. 4,Nov. 2,1984-04-04,1984-11-02
North Cascades SR 20,1983,Apr. 20,Nov. 24,1983-04-20,1983-11-24
North Cascades SR 20,1982,May 6,Dec. 2,1982-05-06,1982-12-02
North Cascades SR 20,1981,Apr. 24,Nov. 30,1981-04-24,1981-11-30
North Cascades SR 20,1980,Apr. 18,Nov. 27,1980-04-18,1980-11-27
North Cascades SR 20,1979,Apr. 10,Dec. 15,1979-04-10,1979-12-15
North Cascades SR 20,1978,Apr. 21,Dec. 11,1978-04-21,1978-12-11
North Cascades SR 20,1977,N/A,Nov. 23,,1977-11-23
North Cascades SR 20,1976,May 21,None,1976-05-21,
North Cascades SR 20,1975,May 16,Nov. 24,1975-05-16,1975-11-24
North Cascades SR 20,1974,Jun. 14,Nov. 21,1974-06-14,1974-11-21
North Cascades SR 20,1973,Apr. 27,Nov. 21,1973-04-27,1973-11-21
North Cascades SR 20,1972,Sept. 2,Nov. 26,1972-09-02,1972-11-26
