metric,term,station,elev_ft,station_coef,state_coef,dev_SE
swe,PNA,Harts Pass,6490,-0.001,-0.14,4.8
swe,PNA,Spirit Lake,3520,-0.284,-0.14,-3.5
tanom,PDO,Spencer Meadow,3400,0.325,-0.252,3.5
swe,PNA,Park Creek Ridge,4610,-0.002,-0.14,3.4
tanom,PNA,Paradise,5150,2.667,2.092,3.4
tanom,PNA,Fish Lake,3440,1.374,2.092,-3.3
swe,PNA,Cougar Mountain,3210,-0.294,-0.14,-3.1
swe,PNA,Sheep Canyon,3990,-0.292,-0.14,-3.1
tanom,PNA,Corral Pass,5810,2.659,2.092,2.9
tanom,PNA,Harts Pass,6490,2.75,2.092,2.9
tanom,PNA,Trough,5480,2.628,2.092,2.9
tanom,PNA,White Pass E.S.,4440,1.565,2.092,-2.9
swe,PNA,Rainy Pass,4880,-0.025,-0.14,2.8
tanom,PNA,Pope Ridge,3590,1.705,2.092,-2.6
tanom,PNA,Touchet,5520,2.487,2.092,2.6
