metric,station,per_unit_amp,angle_deg,peak_phase,r2
swe,352,0.0888820563316731,27.811702775791105,3,0.0024992355782307296
swe,375,0.07154811359242212,47.93022278717655,4,0.0018504031657874398
swe,376,0.046030516787696915,17.832775679818894,3,0.0009843494886350168
swe,418,0.0678079360183263,0.7333852873982778,3,0.0028335300485980985
swe,420,0.11825664717512968,17.759961541961957,3,0.004314827425008549
swe,478,0.0831267749682661,32.22264161028147,3,0.0025945217749111515
swe,502,0.05318456249380319,39.214646431460494,3,0.001343595327466529
swe,507,0.03692521393831831,4.359362573272961,3,0.0005340777417679465
swe,515,0.0629764774652231,40.24722399977469,3,0.0024935644122001666
swe,553,0.14517501333082064,14.873976071885977,3,0.008246020480464522
swe,591,0.1396242075140383,26.00682356843771,3,0.007551243813922803
swe,599,0.038158677544379564,39.416683874160356,3,0.000517244025416308
swe,606,0.0648774385699938,61.526632984767275,4,0.0024039770461435905
swe,642,0.06475251693437525,32.87087972786526,3,0.0020474098436834565
swe,648,0.14506594254225086,47.60429450851234,4,0.006153925725392861
swe,672,0.07226806082645612,354.0126142011764,2,0.0020336952163300115
swe,679,0.07801541381113346,358.64835475633475,2,0.0031932735564709214
swe,681,0.10045383460254657,42.42886722635626,3,0.00491191675794822
swe,692,0.0736620092638754,18.444300301942633,3,0.00286385790159005
swe,699,0.06672246116435053,43.51408883081211,3,0.0014523450432831764
swe,702,0.09239077358400936,21.916150680723092,3,0.00400374822047278
swe,707,0.0853238071244991,336.3858154073923,2,0.002378367495761702
swe,711,0.08826579691545271,10.426125472578406,3,0.003372374053546956
swe,728,0.029118632594717354,45.00383519714711,4,0.0002444850408711563
swe,734,0.08408054900846208,35.38582588625576,3,0.0030235221146630575
swe,748,0.12347326007884893,0.4009649787240619,3,0.006674539690299075
swe,776,0.11931308230724325,6.007326980612049,3,0.005322963772021572
swe,777,0.11716218620337003,346.6990711811414,2,0.004066538697010125
swe,788,0.10975227692555684,27.559373350406247,3,0.0044475290732012285
swe,791,0.06967570282541344,31.71693911534794,3,0.0020151779618304833
swe,804,0.09454840583055149,5.195445927353603,3,0.004677874526689552
swe,817,0.06814996033994343,20.671429814285375,3,0.0020712286001686175
swe,824,0.1028689007823648,347.5518352484959,2,0.004289488730025437
swe,832,0.031103635454517064,146.63753400450685,6,0.0002771671334913517
swe,841,0.016381247230405255,104.78300637512274,5,8.42576676886031e-05
swe,863,0.09552368923490961,30.202875216364646,3,0.003735798098254972
tanom,352,0.22170759386314554,138.51540131441368,6,0.001494049264030961
tanom,375,0.30545053183369775,129.71059691618285,5,0.0029931942395902134
tanom,376,0.27851275807587444,98.7000916488119,5,0.0020482526624886477
tanom,418,0.5824924617826976,140.10076769885399,6,0.009173490075832125
tanom,420,0.3810316917158121,137.45161273378233,6,0.0053567543498675985
tanom,478,0.15608085368943755,116.77756154813261,5,0.0011386474963235305
tanom,502,0.5404598266648264,130.07874076896957,5,0.007984059132258192
tanom,507,0.4074254905839656,127.5495054432397,5,0.004960304362826573
tanom,515,0.5408838328553068,141.0374383729096,6,0.007498471980399768
tanom,553,0.41469275183418147,142.30666203731903,6,0.006343414110830725
tanom,591,0.45887119260222875,132.22900624121195,5,0.007865708703779228
tanom,599,0.49006705520100496,129.46143650117858,5,0.006280081862621412
tanom,606,0.440112563739937,125.37787200041765,5,0.005817264761668439
tanom,642,0.39292497931802506,126.7644480377366,5,0.005275637903300434
tanom,648,0.44497484253424197,147.94549888798196,6,0.009114861666897789
tanom,672,0.27551729243283996,133.31689091009775,5,0.0029252460601537633
tanom,679,0.6610967409926901,141.24251198654673,6,0.012432639938807055
tanom,681,0.21643175381414245,180.71521436433153,7,0.0015498122417982874
tanom,692,0.5678063377409259,134.98629991109783,5,0.008550291755642592
tanom,699,0.1312316761692752,110.3592746280936,5,0.0005908729566441728
tanom,702,0.39635167737971394,140.60175332939866,6,0.0063579068351875545
tanom,707,0.31308780755547705,128.20621646117957,5,0.0025639723049243335
tanom,711,0.2753973168169652,119.00545500600754,5,0.002863330745624726
tanom,728,0.21608430286768338,113.20014626010203,5,0.001465681771218308
tanom,734,0.21577137866007934,126.43674074886621,5,0.0015505699000802897
tanom,748,0.5303537781771839,141.79886889051465,6,0.009281456650005349
tanom,776,0.36015375317931764,138.29274109925018,6,0.005411978796002748
tanom,777,0.482544243493213,146.9264092498812,6,0.00836572386705492
tanom,788,0.2102470621723577,128.68131280281517,5,0.001595235543132345
tanom,791,0.21931535636875232,134.3914990537338,5,0.002042323743437491
tanom,804,0.30137796937496675,139.65916270173545,6,0.0034090501023587017
tanom,817,0.36148578693862277,98.19957575175465,5,0.004635888475525207
tanom,824,0.5866869280203828,136.46020716797057,6,0.008422959752848569
tanom,832,0.4750258117498469,130.07036522032763,5,0.005587139940658847
tanom,841,0.18413457897205077,113.60598724202328,5,0.0011730052824795445
tanom,863,0.1898594579195702,110.14412458762433,5,0.0014988823464999745
rain,352,0.05483960915542985,137.5670320899003,6,0.0006186459057246907
rain,375,0.046932522600817685,154.23621611198246,6,0.0005108975218680589
rain,376,0.09358676150758898,123.62031154416758,5,0.0013339452298303245
rain,418,0.05467483977341083,135.29364242976555,6,0.0006948678066936997
rain,420,0.040620392744662046,186.1578315579369,7,0.0007750369580913352
rain,478,0.07248115238037782,164.94996195129215,6,0.0013337141893148274
rain,502,0.08580439080735341,160.76317819448116,6,0.001399671290802984
rain,507,0.04979439453437498,173.39095695959486,6,0.0004899782443863465
rain,515,0.08740158730363545,199.5241589117439,7,0.0010623536650932186
rain,553,0.07909454042349219,160.83763865896867,6,0.0023649744130450623
rain,591,0.08152936151334195,174.1517651440097,6,0.002277883486211496
rain,599,0.07038514109515079,188.9097833472894,7,0.0010861696525108488
rain,606,0.07514058784078906,142.33427037177717,6,0.0008093626655187869
rain,642,0.06417313283780739,160.26513655843837,6,0.0009265130039171066
rain,648,0.09826953455779425,156.0273363921125,6,0.0019442613092949257
rain,672,0.0636713929900034,138.35191352131483,6,0.00115219240066744
rain,679,0.09353454732539844,165.6439113493209,6,0.002052068181161437
rain,681,0.03763557984401707,163.96579609314267,6,0.00029640129954922045
rain,692,0.1303106003747905,159.62651822283192,6,0.003016300538862038
rain,699,0.06680146929244803,168.34349499219115,6,0.0007147890073364582
rain,702,0.09462972090737663,174.879785485821,6,0.002532949858458755
rain,707,0.09327030391039798,152.07768592282105,6,0.001978277069415668
rain,711,0.08366150599685779,163.8887528805542,6,0.0011142135542948628
rain,728,0.08804314433276102,128.54203907824433,5,0.0007875794261317237
rain,734,0.06499709737023558,149.56444949665854,6,0.0008789697569130395
rain,748,0.083537271212602,167.89908136629083,6,0.0027778818185706378
rain,776,0.08140205517943547,154.40927539190045,6,0.002262745599925675
rain,777,0.04920434681533853,166.57793696357862,6,0.0010642271316865237
rain,788,0.028910162116122233,186.22450486759186,7,0.00023428330310304446
rain,791,0.03684014775840006,158.50930116020402,6,0.00036141686473778467
rain,804,0.0878260967350742,157.8446005927441,6,0.002539973707899934
rain,817,0.07680115451964288,152.07110745350656,6,0.0013974198502967328
rain,824,0.07387255768657447,157.40261243957934,6,0.001105727837076298
rain,832,0.07032231768127836,86.622339527277,4,0.0008065271543831187
rain,841,0.07068941793898627,158.58637372495934,6,0.0007825598292676705
rain,863,0.09938877712582699,173.69965073665992,6,0.0022521520062406264
bigsnow,352,0.22575101698027952,31.78311708683657,3,0.0012132310862372764
bigsnow,375,0.06456072769590826,115.16711047533988,5,0.00012567497813287254
bigsnow,376,0.028415548624635842,163.62226566027186,6,3.503125467130275e-05
bigsnow,418,0.13102767385819683,349.3895226632385,2,0.0009285569540594674
bigsnow,420,0.10528536724320546,33.650330361726105,3,0.0003751737011322698
bigsnow,478,0.0976019995633405,80.11065527614022,4,0.00030841149273486135
bigsnow,502,0.11635153523490978,62.23095566398371,4,0.00044359513768932324
bigsnow,507,0.02775844921669864,261.4552558854988,8,2.052357961879192e-05
bigsnow,515,0.1129101516896061,17.11281093454585,3,0.0007019289918255289
bigsnow,553,0.27960071216162685,8.879720849751209,3,0.0036381378706294987
bigsnow,591,0.28510301219695705,21.25599402770399,3,0.003243677964104408
bigsnow,599,0.22271599683264134,55.032380380099426,4,0.0012307204120206583
bigsnow,606,0.1008440757793666,75.5542894456645,4,0.0005691552263213939
bigsnow,642,0.16082366209039567,19.322657412584817,3,0.0014192122318013034
bigsnow,648,0.2807609060682204,62.248204046040485,4,0.002528504156018241
bigsnow,672,0.12307199047272356,346.9798250580544,2,0.0006595786307567186
bigsnow,679,0.22522011310799786,344.2712522746709,2,0.0031221544511546018
bigsnow,681,0.18834891859816438,32.463862945738185,3,0.0017704986816023949
bigsnow,692,0.1741509455943014,32.76649912835546,3,0.001754596073397785
bigsnow,699,0.10282241956002218,112.94227008591321,5,0.00028350432654800084
bigsnow,702,0.1513353735715755,55.46731891729735,4,0.0008872318339201435
bigsnow,707,0.12419509466125729,322.87970747977016,2,0.0005764411074569153
bigsnow,711,0.07308231596395058,347.90885037288746,2,0.00021471556207230957
bigsnow,728,0.10619124384694552,199.1480722118151,7,0.00023436958675771002
bigsnow,734,0.17171811778561574,71.22213103312697,4,0.0010953193219678248
bigsnow,748,0.2670311962354651,5.500663033784804,3,0.003357744598499024
bigsnow,776,0.17273766537318336,24.14318123252474,3,0.0012039248380083523
bigsnow,777,0.2995776743335875,8.217440659169597,3,0.0029985197673357833
bigsnow,788,0.25820902569770104,41.117579658302304,3,0.002679058207175511
bigsnow,791,0.029059686493492057,277.7606967260241,1,3.090255590865176e-05
bigsnow,804,0.2180342539891294,353.74701124714574,2,0.0024177812856480685
bigsnow,817,0.07837783342835809,11.763107377725703,3,0.0002500465253981732
bigsnow,824,0.15172177009971358,339.17639633851365,2,0.0008941196879763691
bigsnow,832,0.053774767138615315,101.65706118108625,5,6.203384345560004e-05
bigsnow,841,0.11016061070463638,185.8340318396105,7,0.00032319063226449174
bigsnow,863,0.17174247165101586,26.653882138008157,3,0.0010098740190855882
