effect,R2,elev,lat,lon,t_elev,t_lat,t_lon,spread
MJO phase 2 snowfall ratio (lag 8),0.371,-0.044,-0.036,0.022,-3.303,-2.638,1.557,0.089
MJO phase 7 snowfall ratio (lag 8),0.388,0.012,-0.022,0.029,1.495,-2.722,3.488,0.053
MJO phase 5 temp anomaly F (lag 8),0.274,0.104,-0.095,0.037,2.568,-2.282,0.848,0.255
MJO phase 3 temp anomaly F (lag 8),0.227,-0.05,0.07,-0.029,-1.809,2.455,-0.982,0.168
strong +PNA snowfall ratio,0.555,0.055,0.1,-0.01,2.782,4.939,-0.452,0.157
strong -PNA snowfall ratio,0.687,-0.058,-0.093,-0.025,-3.496,-5.468,-1.398,0.158
strong +PNA temp anomaly F,0.411,0.431,-0.212,0.021,4.27,-2.041,0.191,0.703
El Nino snowfall ratio,0.115,0.004,0.025,0.009,0.249,1.512,0.517,0.093
La Nina snowfall ratio,0.278,-0.051,0.009,0.02,-3.433,0.618,1.276,0.093
La Nina temp anomaly F,0.36,-0.228,0.005,0.228,-3.44,0.072,3.204,0.443
