triplet,id,name,elev_ft,lat,lon,begin
352:WA:SNTL,352,Blewett Pass,4240,47.35037,-120.6796,1979-10-01
375:WA:SNTL,375,Bumping Ridge,4600,46.81003,-121.33058,1978-10-01
376:WA:SNTL,376,Bunchgrass Mdw,5020,48.68688,-117.17633,1979-10-01
418:WA:SNTL,418,Corral Pass,5810,47.01872,-121.46464,1979-10-01
420:WA:SNTL,420,Cougar Mountain,3210,47.27666,-121.67138,1979-10-01
478:WA:SNTL,478,Fish Lake,3440,47.53565,-121.08553,1979-10-01
502:WA:SNTL,502,Green Lake,5920,46.54741,-121.17093,1981-10-01
507:WA:SNTL,507,Grouse Camp,5390,47.28107,-120.48771,1979-10-01
515:WA:SNTL,515,Harts Pass,6490,48.72047,-120.6586,1979-10-01
553:WA:SNTL,553,June Lake,3440,46.14778,-122.15413,1980-10-01
591:WA:SNTL,591,Lone Pine,3940,46.27143,-121.96288,1978-10-01
599:WA:SNTL,599,Lost Horse,5100,46.35754,-121.0809,1989-10-01
606:WA:SNTL,606,Lyman Lake,5990,48.19798,-120.91678,1978-10-01
642:WA:SNTL,642,Morse Lake,5400,46.90585,-121.4827,1978-10-01
648:WA:SNTL,648,Mount Crag,3960,47.7637,-123.026,1989-10-01
672:WA:SNTL,672,Olallie Meadows,4010,47.37406,-121.44213,1979-10-01
679:WA:SNTL,679,Paradise,5150,46.78266,-121.74767,1979-10-01
681:WA:SNTL,681,Park Creek Ridge,4610,48.44488,-120.91551,1978-10-01
692:WA:SNTL,692,Pigtail Peak,5800,46.62153,-121.38643,1979-10-01
699:WA:SNTL,699,Pope Ridge,3590,47.9909,-120.56622,1979-10-01
702:WA:SNTL,702,Potato Hill,4480,46.3497,-121.51415,1980-10-01
707:WA:SNTL,707,Quartz Peak,4710,47.87927,-117.08938,1985-10-01
711:WA:SNTL,711,Rainy Pass,4880,48.51865,-120.7358,1979-10-01
728:WA:SNTL,728,Salmon Meadows,4460,48.65518,-119.8383,1979-10-01
734:WA:SNTL,734,Sasse Ridge,4340,47.38485,-121.06323,1983-10-01
748:WA:SNTL,748,Sheep Canyon,3990,46.19325,-122.25393,1980-10-01
776:WA:SNTL,776,Spencer Meadow,3400,46.1795,-121.92661,1980-10-01
777:WA:SNTL,777,Spirit Lake,3520,46.26113,-122.1772,1983-10-01
788:WA:SNTL,788,Stampede Pass,3850,47.27427,-121.34162,1979-10-01
791:WA:SNTL,791,Stevens Pass,3940,47.74607,-121.09288,1979-10-01
804:WA:SNTL,804,Surprise Lakes,4280,46.09497,-121.76345,1978-10-01
817:WA:SNTL,817,Thunder Basin,4310,48.52753,-120.9895,1987-09-30
824:WA:SNTL,824,Touchet,5520,46.11868,-117.8505,1979-10-01
832:WA:SNTL,832,Trough,5480,47.23328,-120.29412,1978-10-01
841:WA:SNTL,841,Upper Wheeler,4330,47.28734,-120.37015,1979-10-01
863:WA:SNTL,863,White Pass E.S.,4440,46.64142,-121.38153,1979-10-01
