pass,station,closed,gain1d_in,gain1d_pctile,gain3d_in,gain3d_pctile,gain7d_in,gain7d_pctile,swe_on_ground_in,max_gain_3d_prior_7d
Chinook Pass SR 410,"Morse Lake 5,400 ft",2025-10-24,0.2,64.0,0.1,38.0,0.1,26.0,0.3,0.1
Chinook Pass SR 410,"Morse Lake 5,400 ft",2024-10-31,0.8,81.0,1.3,58.0,1.3,36.0,1.6,1.3
Chinook Pass SR 410,"Morse Lake 5,400 ft",2023-11-10,0.3,72.0,0.6,63.0,2.3,76.0,2.3,1.7
Chinook Pass SR 410,"Morse Lake 5,400 ft",2022-10-27,0.0,0.0,0.6,53.0,1.8,51.0,1.8,1.2
Chinook Pass SR 410,"Morse Lake 5,400 ft",2021-11-09,1.3,91.0,2.5,91.0,3.2,73.0,5.4,2.5
Chinook Pass SR 410,"Morse Lake 5,400 ft",2020-11-12,0.6,85.0,2.2,90.0,2.8,79.0,3.1,2.2
Chinook Pass SR 410,"Morse Lake 5,400 ft",2019-11-21,0.0,0.0,0.0,0.0,0.0,0.0,0.9,0.1
Chinook Pass SR 410,"Morse Lake 5,400 ft",2018-11-20,0.1,49.0,0.3,46.0,0.0,0.0,0.7,0.5
Chinook Pass SR 410,"Morse Lake 5,400 ft",2017-11-07,0.0,0.0,0.8,56.0,2.3,64.0,4.8,1.6
Chinook Pass SR 410,"Morse Lake 5,400 ft",2016-11-29,0.1,38.0,1.3,72.0,6.1,96.0,8.6,4.5
Chinook Pass SR 410,"Morse Lake 5,400 ft",2015-11-16,0.7,82.0,0.3,55.0,0.6,42.0,2.0,0.6
Chinook Pass SR 410,"Morse Lake 5,400 ft",2014-11-24,0.4,81.0,1.9,91.0,4.3,92.0,5.3,3.4
Chinook Pass SR 410,"Morse Lake 5,400 ft",2013-12-02,0.3,86.0,2.4,99.0,2.5,94.0,7.0,2.4
Chinook Pass SR 410,"Morse Lake 5,400 ft",2012-11-12,0.7,78.0,1.8,73.0,2.0,49.0,2.0,1.8
Chinook Pass SR 410,"Morse Lake 5,400 ft",2011-11-11,0.7,86.0,0.8,73.0,1.1,65.0,1.7,0.8
Chinook Pass SR 410,"Morse Lake 5,400 ft",2010-11-16,0.2,58.0,0.0,0.0,0.0,0.0,4.0,0.7
Chinook Pass SR 410,"Morse Lake 5,400 ft",2009-11-08,0.7,81.0,3.0,88.0,3.9,74.0,4.0,3.0
Chinook Pass SR 410,"Morse Lake 5,400 ft",2008-12-15,0.0,0.0,0.7,65.0,2.1,73.0,5.1,2.0
Chinook Pass SR 410,"Morse Lake 5,400 ft",2007-11-29,0.2,58.0,0.9,59.0,1.4,46.0,6.9,1.2
Chinook Pass SR 410,"Morse Lake 5,400 ft",2006-11-12,2.0,95.0,3.9,91.0,2.6,51.0,4.3,3.9
Chinook Pass SR 410,"Morse Lake 5,400 ft",2005-10-25,0.0,0.0,0.0,0.0,0.0,0.0,0.0,0.0
Chinook Pass SR 410,"Morse Lake 5,400 ft",2004-12-07,1.7,97.0,2.6,96.0,2.9,91.0,6.0,2.6
Chinook Pass SR 410,"Morse Lake 5,400 ft",2003-11-17,1.3,94.0,3.8,99.0,4.2,92.0,5.6,3.8
Chinook Pass SR 410,"Morse Lake 5,400 ft",2002-12-10,2.0,99.0,2.2,86.0,2.2,77.0,5.6,2.2
Chinook Pass SR 410,"Morse Lake 5,400 ft",2001-11-26,0.0,0.0,0.0,0.0,3.4,67.0,6.0,3.4
Chinook Pass SR 410,"Morse Lake 5,400 ft",2000-11-27,0.1,59.0,1.4,91.0,2.2,78.0,5.4,1.4
Chinook Pass SR 410,"Morse Lake 5,400 ft",1999-11-30,0.2,58.0,0.6,51.0,4.1,81.0,7.8,2.7
Chinook Pass SR 410,"Morse Lake 5,400 ft",1998-11-20,3.4,95.0,4.2,85.0,4.6,71.0,7.5,4.2
Chinook Pass SR 410,"Morse Lake 5,400 ft",1997-11-19,2.6,97.0,3.4,92.0,3.9,81.0,6.2,3.4
Chinook Pass SR 410,"Morse Lake 5,400 ft",1996-11-16,0.9,73.0,1.0,37.0,1.1,17.0,7.3,1.0
Chinook Pass SR 410,"Morse Lake 5,400 ft",1995-11-07,1.1,90.0,2.1,85.0,2.8,79.0,2.8,2.1
Chinook Pass SR 410,"Morse Lake 5,400 ft",1994-10-31,3.2,96.0,3.4,79.0,5.1,69.0,5.5,3.4
Chinook Pass SR 410,"Morse Lake 5,400 ft",1993-11-18,0.0,0.0,0.3,60.0,1.6,74.0,1.6,1.1
Chinook Pass SR 410,"Morse Lake 5,400 ft",1992-11-21,3.5,99.0,4.3,97.0,4.7,91.0,7.8,4.3
Chinook Pass SR 410,"Morse Lake 5,400 ft",1991-11-19,0.8,87.0,1.4,76.0,4.7,97.0,5.5,3.2
Chinook Pass SR 410,"Morse Lake 5,400 ft",1990-11-21,1.0,91.0,1.7,82.0,2.6,78.0,4.6,1.7
Chinook Pass SR 410,"Morse Lake 5,400 ft",1989-11-28,0.0,0.0,0.1,36.0,2.4,94.0,5.0,2.2
Chinook Pass SR 410,"Morse Lake 5,400 ft",1988-11-10,0.7,85.0,1.4,78.0,2.0,58.0,4.9,3.2
Chinook Pass SR 410,"Morse Lake 5,400 ft",1987-11-23,0.3,67.0,0.8,64.0,0.7,41.0,2.3,0.9
Chinook Pass SR 410,"Morse Lake 5,400 ft",1986-11-18,1.3,92.0,2.2,86.0,2.4,65.0,3.5,2.2
Chinook Pass SR 410,"Morse Lake 5,400 ft",1985-11-09,1.8,99.0,2.2,97.0,3.5,97.0,5.7,2.2
Chinook Pass SR 410,"Morse Lake 5,400 ft",1984-11-05,0.0,0.0,2.0,85.0,4.5,82.0,4.9,3.7
Chinook Pass SR 410,"Morse Lake 5,400 ft",1983-11-14,3.2,99.0,4.7,96.0,6.4,91.0,7.5,4.7
Chinook Pass SR 410,"Morse Lake 5,400 ft",1982-11-16,,,,,,,,
Chinook Pass SR 410,"Morse Lake 5,400 ft",1981-11-20,0.9,85.0,1.9,77.0,4.1,72.0,6.7,2.4
Cayuse Pass SR 123,"Morse Lake 5,400 ft",2025-10-24,0.2,64.0,0.1,38.0,0.1,26.0,0.3,0.1
Cayuse Pass SR 123,"Morse Lake 5,400 ft",2024-10-31,0.8,81.0,1.3,58.0,1.3,36.0,1.6,1.3
Cayuse Pass SR 123,"Morse Lake 5,400 ft",2023-11-10,0.3,72.0,0.6,63.0,2.3,76.0,2.3,1.7
Cayuse Pass SR 123,"Morse Lake 5,400 ft",2022-10-25,0.6,76.0,1.1,59.0,1.8,51.0,1.8,1.1
Cayuse Pass SR 123,"Morse Lake 5,400 ft",2021-11-09,1.3,91.0,2.5,91.0,3.2,73.0,5.4,2.5
Cayuse Pass SR 123,"Morse Lake 5,400 ft",2020-11-12,0.6,85.0,2.2,90.0,2.8,79.0,3.1,2.2
Cayuse Pass SR 123,"Morse Lake 5,400 ft",2019-11-21,0.0,0.0,0.0,0.0,0.0,0.0,0.9,0.1
Cayuse Pass SR 123,"Morse Lake 5,400 ft",2018-11-20,0.1,49.0,0.3,46.0,0.0,0.0,0.7,0.5
Cayuse Pass SR 123,"Morse Lake 5,400 ft",2017-11-07,0.0,0.0,0.8,56.0,2.3,64.0,4.8,1.6
Cayuse Pass SR 123,"Morse Lake 5,400 ft",2016-11-29,0.1,38.0,1.3,72.0,6.1,96.0,8.6,4.5
Cayuse Pass SR 123,"Morse Lake 5,400 ft",2015-11-16,0.7,82.0,0.3,55.0,0.6,42.0,2.0,0.6
Cayuse Pass SR 123,"Morse Lake 5,400 ft",2014-11-24,0.4,81.0,1.9,91.0,4.3,92.0,5.3,3.4
Cayuse Pass SR 123,"Morse Lake 5,400 ft",2013-11-20,0.2,67.0,1.4,90.0,2.5,92.0,4.6,1.8
Cayuse Pass SR 123,"Morse Lake 5,400 ft",2012-11-12,0.7,78.0,1.8,73.0,2.0,49.0,2.0,1.8
Cayuse Pass SR 123,"Morse Lake 5,400 ft",2011-11-11,0.7,86.0,0.8,73.0,1.1,65.0,1.7,0.8
Cayuse Pass SR 123,"Morse Lake 5,400 ft",2010-11-16,0.2,58.0,0.0,0.0,0.0,0.0,4.0,0.7
Cayuse Pass SR 123,"Morse Lake 5,400 ft",2009-11-08,0.7,81.0,3.0,88.0,3.9,74.0,4.0,3.0
Cayuse Pass SR 123,"Morse Lake 5,400 ft",2008-12-15,0.0,0.0,0.7,65.0,2.1,73.0,5.1,2.0
Cayuse Pass SR 123,"Morse Lake 5,400 ft",2007-11-29,0.2,58.0,0.9,59.0,1.4,46.0,6.9,1.2
Cayuse Pass SR 123,"Morse Lake 5,400 ft",2006-11-12,2.0,95.0,3.9,91.0,2.6,51.0,4.3,3.9
Cayuse Pass SR 123,"Morse Lake 5,400 ft",2005-11-04,0.8,81.0,2.5,81.0,6.4,96.0,7.0,3.7
Cayuse Pass SR 123,"Morse Lake 5,400 ft",2004-12-06,0.6,92.0,1.1,92.0,1.6,88.0,4.3,1.1
Cayuse Pass SR 123,"Morse Lake 5,400 ft",2003-11-18,0.3,67.0,3.5,97.0,4.1,90.0,5.9,3.8
Cayuse Pass SR 123,"Morse Lake 5,400 ft",2002-12-12,0.9,88.0,4.3,99.0,4.5,87.0,7.9,4.3
Cayuse Pass SR 123,"Morse Lake 5,400 ft",2001-11-26,0.0,0.0,0.0,0.0,3.4,67.0,6.0,3.4
Cayuse Pass SR 123,"Morse Lake 5,400 ft",2000-11-28,0.1,49.0,1.2,86.0,2.3,79.0,5.5,1.4
Cayuse Pass SR 123,"Morse Lake 5,400 ft",1999-11-30,0.2,58.0,0.6,51.0,4.1,81.0,7.8,2.7
Cayuse Pass SR 123,"Morse Lake 5,400 ft",1998-11-23,1.0,81.0,3.6,82.0,7.8,85.0,11.1,6.0
Cayuse Pass SR 123,"Morse Lake 5,400 ft",1997-11-20,1.1,94.0,3.8,94.0,5.0,83.0,7.3,3.8
Cayuse Pass SR 123,"Morse Lake 5,400 ft",1996-10-07,0.0,0.0,0.0,0.0,0.0,0.0,0.0,0.0
Cayuse Pass SR 123,"Morse Lake 5,400 ft",1995-12-04,0.2,63.0,1.7,81.0,1.9,65.0,6.6,2.8
Cayuse Pass SR 123,"Morse Lake 5,400 ft",1994-10-31,3.2,96.0,3.4,79.0,5.1,69.0,5.5,3.4
Cayuse Pass SR 123,"Morse Lake 5,400 ft",1993-11-18,0.0,0.0,0.3,60.0,1.6,74.0,1.6,1.1
Cayuse Pass SR 123,"Morse Lake 5,400 ft",1992-11-30,0.4,79.0,0.6,53.0,1.6,51.0,9.4,3.5
Cayuse Pass SR 123,"Morse Lake 5,400 ft",1991-12-07,0.4,71.0,2.5,97.0,3.1,78.0,13.0,2.5
Cayuse Pass SR 123,"Morse Lake 5,400 ft",1990-11-24,0.0,0.0,0.0,0.0,1.9,68.0,4.4,1.8
Cayuse Pass SR 123,"Morse Lake 5,400 ft",1988-11-17,0.3,67.0,1.0,64.0,2.3,60.0,7.2,2.0
Cayuse Pass SR 123,"Morse Lake 5,400 ft",1987-11-30,1.6,94.0,1.6,82.0,2.4,74.0,4.7,1.6
Cayuse Pass SR 123,"Morse Lake 5,400 ft",1986-11-28,0.3,73.0,2.7,94.0,5.4,96.0,10.4,3.5
Cayuse Pass SR 123,"Morse Lake 5,400 ft",1985-11-17,0.5,81.0,1.6,90.0,1.9,69.0,7.9,2.2
Cayuse Pass SR 123,"Morse Lake 5,400 ft",1984-11-16,0.0,0.0,0.1,24.0,3.5,74.0,9.9,3.2
Cayuse Pass SR 123,"Morse Lake 5,400 ft",1983-11-24,1.3,90.0,2.7,90.0,5.6,87.0,16.0,3.4
Cayuse Pass SR 123,"Morse Lake 5,400 ft",1982-12-02,,,,,,,,
Cayuse Pass SR 123,"Morse Lake 5,400 ft",1981-11-30,1.1,87.0,1.4,63.0,1.1,38.0,9.2,1.4
North Cascades SR 20,"Rainy Pass 4,880 ft",2025-12-04,0.3,68.0,0.5,51.0,0.6,31.0,5.0,0.5
North Cascades SR 20,"Rainy Pass 4,880 ft",2024-11-18,0.0,0.0,1.0,77.0,2.1,77.0,3.3,1.1
North Cascades SR 20,"Rainy Pass 4,880 ft",2023-11-30,0.0,0.0,0.0,0.0,0.0,0.0,4.0,0.1
North Cascades SR 20,"Rainy Pass 4,880 ft",2022-11-03,0.2,69.0,0.0,0.0,0.2,26.0,1.2,0.5
North Cascades SR 20,"Rainy Pass 4,880 ft",2021-11-15,0.0,0.0,0.5,54.0,2.7,77.0,5.3,2.5
North Cascades SR 20,"Rainy Pass 4,880 ft",2020-11-16,1.2,96.0,2.9,95.0,5.1,94.0,6.3,3.5
North Cascades SR 20,"Rainy Pass 4,880 ft",2019-12-11,0.2,74.0,0.0,0.0,0.1,31.0,2.4,0.6
North Cascades SR 20,"Rainy Pass 4,880 ft",2018-11-28,0.0,0.0,1.7,90.0,2.5,81.0,3.3,1.7
North Cascades SR 20,"Rainy Pass 4,880 ft",2017-11-10,0.0,0.0,0.2,50.0,0.3,33.0,2.5,0.4
North Cascades SR 20,"Rainy Pass 4,880 ft",2016-11-18,0.0,0.0,0.0,0.0,1.7,77.0,1.7,1.8
North Cascades SR 20,"Rainy Pass 4,880 ft",2015-11-12,1.1,94.0,1.6,83.0,2.0,67.0,3.4,1.6
North Cascades SR 20,"Rainy Pass 4,880 ft",2014-11-24,0.4,78.0,2.2,88.0,3.2,83.0,3.6,2.6
North Cascades SR 20,"Rainy Pass 4,880 ft",2013-12-03,0.0,0.0,1.0,92.0,1.4,86.0,5.4,1.8
North Cascades SR 20,"Rainy Pass 4,880 ft",2012-11-20,0.2,67.0,2.7,99.0,3.2,78.0,4.0,2.7
North Cascades SR 20,"Rainy Pass 4,880 ft",2011-11-21,0.7,87.0,0.5,64.0,2.5,77.0,5.5,2.0
North Cascades SR 20,"Rainy Pass 4,880 ft",2010-12-01,0.3,78.0,1.4,91.0,2.2,83.0,3.9,1.4
North Cascades SR 20,"Rainy Pass 4,880 ft",2009-11-17,0.6,87.0,3.3,99.0,3.8,92.0,7.1,3.3
North Cascades SR 20,"Rainy Pass 4,880 ft",2008-12-15,0.0,0.0,0.0,0.0,0.0,0.0,3.9,1.0
North Cascades SR 20,"Rainy Pass 4,880 ft",2007-12-04,0.0,0.0,4.7,97.0,4.9,97.0,9.4,4.8
North Cascades SR 20,"Rainy Pass 4,880 ft",2006-11-13,1.3,92.0,2.5,91.0,3.0,77.0,4.4,2.5
North Cascades SR 20,"Rainy Pass 4,880 ft",2005-11-03,0.5,85.0,1.1,86.0,1.7,81.0,1.7,1.2
North Cascades SR 20,"Rainy Pass 4,880 ft",2004-12-13,0.3,85.0,0.1,31.0,3.3,96.0,7.8,2.9
North Cascades SR 20,"Rainy Pass 4,880 ft",2003-10-17,0.0,0.0,0.4,53.0,0.6,37.0,0.6,1.0
North Cascades SR 20,"Rainy Pass 4,880 ft",2002-12-17,0.1,62.0,1.2,86.0,3.4,96.0,6.6,1.9
North Cascades SR 20,"Rainy Pass 4,880 ft",2001-11-19,0.5,79.0,0.3,44.0,1.2,50.0,5.9,1.6
North Cascades SR 20,"Rainy Pass 4,880 ft",2000-11-28,0.0,0.0,1.2,92.0,1.7,83.0,2.8,1.3
North Cascades SR 20,"Rainy Pass 4,880 ft",1999-12-06,1.3,99.0,1.9,88.0,3.3,87.0,9.1,1.9
North Cascades SR 20,"Rainy Pass 4,880 ft",1998-11-20,2.0,95.0,2.2,77.0,3.1,63.0,4.8,2.2
North Cascades SR 20,"Rainy Pass 4,880 ft",1997-12-16,2.3,99.0,3.0,95.0,3.0,83.0,10.3,3.0
North Cascades SR 20,"Rainy Pass 4,880 ft",1996-11-19,0.6,77.0,0.9,54.0,1.3,24.0,7.3,0.9
North Cascades SR 20,"Rainy Pass 4,880 ft",1995-11-05,0.8,86.0,1.6,76.0,1.6,54.0,2.8,1.6
North Cascades SR 20,"Rainy Pass 4,880 ft",1994-10-31,3.1,97.0,3.3,85.0,5.7,82.0,6.4,3.3
North Cascades SR 20,"Rainy Pass 4,880 ft",1993-12-08,1.1,97.0,1.1,83.0,2.6,86.0,7.3,1.6
North Cascades SR 20,"Rainy Pass 4,880 ft",1992-12-08,0.7,91.0,0.7,58.0,0.9,35.0,7.8,1.3
North Cascades SR 20,"Rainy Pass 4,880 ft",1991-11-17,0.7,86.0,1.8,79.0,4.2,79.0,5.3,2.5
North Cascades SR 20,"Rainy Pass 4,880 ft",1990-11-12,0.1,42.0,0.2,17.0,1.3,32.0,6.4,1.0
North Cascades SR 20,"Rainy Pass 4,880 ft",1988-11-19,0.6,88.0,0.7,64.0,1.0,49.0,4.8,1.4
North Cascades SR 20,"Rainy Pass 4,880 ft",1987-12-01,0.9,92.0,1.5,82.0,1.5,60.0,3.6,1.5
North Cascades SR 20,"Rainy Pass 4,880 ft",1986-11-26,0.1,56.0,0.6,71.0,3.9,88.0,9.6,4.1
North Cascades SR 20,"Rainy Pass 4,880 ft",1985-11-15,0.4,91.0,0.5,72.0,0.8,65.0,8.9,0.5
North Cascades SR 20,"Rainy Pass 4,880 ft",1984-11-02,1.6,96.0,3.4,97.0,3.9,86.0,5.7,3.4
North Cascades SR 20,"Rainy Pass 4,880 ft",1983-11-24,0.2,68.0,1.4,91.0,2.4,87.0,7.1,1.4
North Cascades SR 20,"Rainy Pass 4,880 ft",1982-12-02,2.9,99.0,3.1,99.0,3.8,95.0,8.8,3.1
North Cascades SR 20,"Rainy Pass 4,880 ft",1981-11-30,,,,,,,,
